model,timeslice_frac,tf_coverage,stored_TB_hr_timeslice,stored_TB_hr_resample_proj,status
naive_save_all,1.0,1.0,7.077888,7.077888,baseline
coherent_power,,,,,pending(container)
cuda_dino_zeroshot,,,,,pending(container)
finetuned_dino,0.6437369791666666,0.049227269490559895,4.556298239999999,0.3484251,offline
finetuned_dino_m2,0.8720833333333333,0.0411422856648763,6.17250816,0.29120049,offline
yolo26m,0.45233072916666667,0.04406580607096354,3.20154624,0.31189283999999995,offline
