{
  "overall": {
    "energy": {
      "iou": 0.44751292942707355,
      "f1": 0.6297607540557238,
      "precision": 0.933090688534904,
      "recall": 0.49075485944155983,
      "fp_area": 0.0
    },
    "M1_frozen": {
      "iou": 0.74090502554629,
      "f1": 0.8825544366667128,
      "precision": 0.9073120762526224,
      "recall": 0.8083162908099781,
      "fp_area": 0.0
    },
    "M2_frozen": {
      "iou": 0.7345194123001941,
      "f1": 0.8650272017389113,
      "precision": 0.9079388026555028,
      "recall": 0.7989810927850002,
      "fp_area": 0.00043715723986977305
    },
    "M1_ft": {
      "iou": 0.7654012840128545,
      "f1": 0.9084251044956977,
      "precision": 0.9507122304782968,
      "recall": 0.7955334692901586,
      "fp_area": 0.0
    },
    "M2_ft": {
      "iou": 0.7285322998264433,
      "f1": 0.8693831368620063,
      "precision": 0.9100204239456374,
      "recall": 0.781960731740812,
      "fp_area": 0.00035019518855971106
    }
  },
  "detection_by_atten": {
    "energy": {
      "0": 0.9703703703703703,
      "5": 0.9690721649484536,
      "10": 0.8591549295774648,
      "15": 0.9306930693069307,
      "20": 0.7976190476190477,
      "25": 0.6220472440944882,
      "30": 0.4701492537313433,
      "35": 0.6371681415929203,
      "40": 0.379746835443038,
      "45": 0.6428571428571429,
      "50": 0.2926829268292683,
      "55": 0.2692307692307692,
      "60": 0.0
    },
    "M1_frozen": {
      "0": 0.9703703703703703,
      "5": 0.9690721649484536,
      "10": 0.8873239436619719,
      "15": 0.9504950495049505,
      "20": 0.9285714285714286,
      "25": 1.0,
      "30": 0.9104477611940298,
      "35": 0.8938053097345132,
      "40": 0.9746835443037974,
      "45": 0.8142857142857143,
      "50": 0.6016260162601627,
      "55": 0.5865384615384616,
      "60": 0.6836734693877551
    },
    "M2_frozen": {
      "0": 0.9555555555555556,
      "5": 0.9587628865979382,
      "10": 0.8732394366197183,
      "15": 0.9306930693069307,
      "20": 0.9166666666666666,
      "25": 1.0,
      "30": 0.9029850746268657,
      "35": 0.9026548672566371,
      "40": 0.9746835443037974,
      "45": 0.8285714285714286,
      "50": 0.7154471544715447,
      "55": 0.5865384615384616,
      "60": 0.6836734693877551
    },
    "M1_ft": {
      "0": 0.9629629629629629,
      "5": 0.9690721649484536,
      "10": 0.8873239436619719,
      "15": 0.9306930693069307,
      "20": 0.9285714285714286,
      "25": 1.0,
      "30": 0.8955223880597015,
      "35": 0.8849557522123894,
      "40": 0.9493670886075949,
      "45": 0.8,
      "50": 0.6016260162601627,
      "55": 0.5865384615384616,
      "60": 0.6836734693877551
    },
    "M2_ft": {
      "0": 0.9703703703703703,
      "5": 0.9690721649484536,
      "10": 0.8732394366197183,
      "15": 0.9306930693069307,
      "20": 0.9761904761904762,
      "25": 0.9921259842519685,
      "30": 0.8955223880597015,
      "35": 0.8849557522123894,
      "40": 0.9367088607594937,
      "45": 0.8571428571428571,
      "50": 0.7479674796747967,
      "55": 0.5865384615384616,
      "60": 0.6836734693877551
    }
  }
}